{
  "val_accuracy": 0.9907201187824796,
  "val_f1": 0.9902937750744144,
  "test_accuracy": 0.987750556792873,
  "test_f1": 0.9872003723528043
}